<?xml version="1.0" encoding="UTF-8"?>
<configuration>
	<!-- <property name="LOG_HOME" value="c:/Magán/eclipse/runtime/jukebox2.0/var/logs" /> -->
	
	<appender name="STDOUT" class="ch.qos.logback.core.ConsoleAppender">
		<layout class="ch.qos.logback.classic.PatternLayout">
			<Pattern>
				%d{yyyy-MM-dd HH:mm:ss} [%thread] %-5level %logger{36} - %msg%n
			</Pattern>
		</layout>
	</appender>
	
	<!-- <appender name="APPLICATION_LOG"
		class="ch.qos.logback.core.rolling.RollingFileAppender">
		<file>${LOG_HOME}/log.log</file>
		<encoder class="ch.qos.logback.classic.encoder.PatternLayoutEncoder">
			<Pattern>
				%d{yyyy-MM-dd HH:mm:ss} [%thread] %-5level %logger{36} - %msg%n
			</Pattern>
		</encoder>

		<rollingPolicy class="ch.qos.logback.core.rolling.TimeBasedRollingPolicy">
			<fileNamePattern>${LOG_HOME}/archived/log.%d{yyyy-MM-dd}.%i.log
                        </fileNamePattern>
			<timeBasedFileNamingAndTriggeringPolicy
				class="ch.qos.logback.core.rolling.SizeAndTimeBasedFNATP">
				<maxFileSize>10MB</maxFileSize>
			</timeBasedFileNamingAndTriggeringPolicy>
		</rollingPolicy>
	</appender> -->
	
	<!-- Send logs to both console and file audit -->
	<logger name="hu.zip.car" level="DEBUG"
		additivity="false">
		<!-- <appender-ref ref="APPLICATION_LOG" /> -->
		<appender-ref ref="STDOUT" />
	</logger>
	
	<root level="INFO">
		<!-- <appender-ref ref="APPLICATION_LOG" /> -->
		<appender-ref ref="STDOUT" />
	</root>
	
</configuration>